,Temperature,Date Time,Location
4,39.2,2026-04-06 00:00:00-06:00,DENVER
5,41.0,2026-04-06 00:05:00-06:00,DENVER
6,44.6,2026-04-06 00:10:00-06:00,DENVER
7,44.6,2026-04-06 00:15:00-06:00,DENVER
8,44.6,2026-04-06 00:20:00-06:00,DENVER
9,44.6,2026-04-06 00:25:00-06:00,DENVER
10,44.6,2026-04-06 00:30:00-06:00,DENVER
11,44.6,2026-04-06 00:35:00-06:00,DENVER
12,42.8,2026-04-06 00:40:00-06:00,DENVER
13,44.6,2026-04-06 00:45:00-06:00,DENVER
14,44.6,2026-04-06 00:50:00-06:00,DENVER
15,44.96,2026-04-06 00:53:00-06:00,DENVER
16,44.6,2026-04-06 00:55:00-06:00,DENVER
17,42.8,2026-04-06 01:00:00-06:00,DENVER
18,42.8,2026-04-06 01:05:00-06:00,DENVER
19,41.0,2026-04-06 01:10:00-06:00,DENVER
20,39.2,2026-04-06 01:15:00-06:00,DENVER
21,37.4,2026-04-06 01:20:00-06:00,DENVER
22,39.2,2026-04-06 01:25:00-06:00,DENVER
23,37.4,2026-04-06 01:30:00-06:00,DENVER
24,37.4,2026-04-06 01:35:00-06:00,DENVER
25,37.4,2026-04-06 01:40:00-06:00,DENVER
26,39.2,2026-04-06 01:45:00-06:00,DENVER
27,42.8,2026-04-06 01:50:00-06:00,DENVER
28,44.06,2026-04-06 01:53:00-06:00,DENVER
29,44.6,2026-04-06 01:55:00-06:00,DENVER
30,44.6,2026-04-06 02:00:00-06:00,DENVER
31,42.8,2026-04-06 02:05:00-06:00,DENVER
32,41.0,2026-04-06 02:10:00-06:00,DENVER
33,41.0,2026-04-06 02:15:00-06:00,DENVER
34,42.8,2026-04-06 02:20:00-06:00,DENVER
35,44.6,2026-04-06 02:25:00-06:00,DENVER
36,44.6,2026-04-06 02:30:00-06:00,DENVER
37,44.6,2026-04-06 02:35:00-06:00,DENVER
38,44.6,2026-04-06 02:40:00-06:00,DENVER
39,44.6,2026-04-06 02:45:00-06:00,DENVER
40,44.6,2026-04-06 02:50:00-06:00,DENVER
41,44.06,2026-04-06 02:53:00-06:00,DENVER
42,44.6,2026-04-06 02:55:00-06:00,DENVER
43,44.6,2026-04-06 03:00:00-06:00,DENVER
44,44.6,2026-04-06 03:05:00-06:00,DENVER
45,42.8,2026-04-06 03:10:00-06:00,DENVER
46,42.8,2026-04-06 03:15:00-06:00,DENVER
47,42.8,2026-04-06 03:20:00-06:00,DENVER
48,42.8,2026-04-06 03:25:00-06:00,DENVER
49,42.8,2026-04-06 03:30:00-06:00,DENVER
50,42.8,2026-04-06 03:35:00-06:00,DENVER
51,42.8,2026-04-06 03:40:00-06:00,DENVER
52,42.8,2026-04-06 03:45:00-06:00,DENVER
53,42.8,2026-04-06 03:50:00-06:00,DENVER
54,42.98,2026-04-06 03:53:00-06:00,DENVER
55,42.8,2026-04-06 03:55:00-06:00,DENVER
56,42.8,2026-04-06 04:00:00-06:00,DENVER
57,42.8,2026-04-06 04:05:00-06:00,DENVER
58,42.8,2026-04-06 04:10:00-06:00,DENVER
59,42.8,2026-04-06 04:15:00-06:00,DENVER
60,42.8,2026-04-06 04:20:00-06:00,DENVER
61,42.8,2026-04-06 04:25:00-06:00,DENVER
62,42.8,2026-04-06 04:30:00-06:00,DENVER
63,41.0,2026-04-06 04:35:00-06:00,DENVER
64,41.0,2026-04-06 04:40:00-06:00,DENVER
65,41.0,2026-04-06 04:45:00-06:00,DENVER
66,39.2,2026-04-06 04:50:00-06:00,DENVER
67,41.0,2026-04-06 04:53:00-06:00,DENVER
68,41.0,2026-04-06 04:55:00-06:00,DENVER
69,39.2,2026-04-06 05:00:00-06:00,DENVER
70,39.2,2026-04-06 05:05:00-06:00,DENVER
71,41.0,2026-04-06 05:10:00-06:00,DENVER
72,41.0,2026-04-06 05:15:00-06:00,DENVER
73,39.2,2026-04-06 05:20:00-06:00,DENVER
74,39.2,2026-04-06 05:25:00-06:00,DENVER
75,39.2,2026-04-06 05:30:00-06:00,DENVER
76,39.2,2026-04-06 05:35:00-06:00,DENVER
77,39.2,2026-04-06 05:40:00-06:00,DENVER
78,39.2,2026-04-06 05:45:00-06:00,DENVER
79,39.2,2026-04-06 05:50:00-06:00,DENVER
80,39.02,2026-04-06 05:53:00-06:00,DENVER
81,39.2,2026-04-06 05:55:00-06:00,DENVER
82,39.2,2026-04-06 06:00:00-06:00,DENVER
83,39.2,2026-04-06 06:05:00-06:00,DENVER
84,37.4,2026-04-06 06:10:00-06:00,DENVER
85,37.4,2026-04-06 06:15:00-06:00,DENVER
86,39.2,2026-04-06 06:20:00-06:00,DENVER
87,39.2,2026-04-06 06:25:00-06:00,DENVER
88,39.2,2026-04-06 06:30:00-06:00,DENVER
89,39.2,2026-04-06 06:35:00-06:00,DENVER
90,39.2,2026-04-06 06:40:00-06:00,DENVER
91,39.2,2026-04-06 06:45:00-06:00,DENVER
92,39.2,2026-04-06 06:50:00-06:00,DENVER
93,39.92,2026-04-06 06:53:00-06:00,DENVER
94,39.2,2026-04-06 06:55:00-06:00,DENVER
95,41.0,2026-04-06 07:00:00-06:00,DENVER
96,39.2,2026-04-06 07:05:00-06:00,DENVER
97,41.0,2026-04-06 07:10:00-06:00,DENVER
98,41.0,2026-04-06 07:15:00-06:00,DENVER
99,42.8,2026-04-06 07:20:00-06:00,DENVER
100,42.8,2026-04-06 07:25:00-06:00,DENVER
101,42.8,2026-04-06 07:30:00-06:00,DENVER
102,42.8,2026-04-06 07:35:00-06:00,DENVER
103,42.8,2026-04-06 07:40:00-06:00,DENVER
104,42.8,2026-04-06 07:45:00-06:00,DENVER
105,42.8,2026-04-06 07:50:00-06:00,DENVER
106,44.06,2026-04-06 07:53:00-06:00,DENVER
107,44.6,2026-04-06 07:55:00-06:00,DENVER
108,44.6,2026-04-06 08:00:00-06:00,DENVER
109,44.6,2026-04-06 08:05:00-06:00,DENVER
110,44.6,2026-04-06 08:10:00-06:00,DENVER
111,46.4,2026-04-06 08:15:00-06:00,DENVER
112,46.4,2026-04-06 08:20:00-06:00,DENVER
113,46.4,2026-04-06 08:25:00-06:00,DENVER
114,46.4,2026-04-06 08:30:00-06:00,DENVER
115,46.4,2026-04-06 08:35:00-06:00,DENVER
4,48.2,2026-04-06 00:00:00-05:00,CHICAGO
5,48.2,2026-04-06 00:05:00-05:00,CHICAGO
6,48.2,2026-04-06 00:10:00-05:00,CHICAGO
7,48.2,2026-04-06 00:15:00-05:00,CHICAGO
8,48.2,2026-04-06 00:20:00-05:00,CHICAGO
9,48.2,2026-04-06 00:25:00-05:00,CHICAGO
10,48.2,2026-04-06 00:30:00-05:00,CHICAGO
11,48.2,2026-04-06 00:35:00-05:00,CHICAGO
12,48.2,2026-04-06 00:40:00-05:00,CHICAGO
13,48.2,2026-04-06 00:45:00-05:00,CHICAGO
14,46.4,2026-04-06 00:50:00-05:00,CHICAGO
15,46.94,2026-04-06 00:53:00-05:00,CHICAGO
16,46.4,2026-04-06 00:55:00-05:00,CHICAGO
17,46.4,2026-04-06 01:00:00-05:00,CHICAGO
18,44.6,2026-04-06 01:05:00-05:00,CHICAGO
19,44.6,2026-04-06 01:10:00-05:00,CHICAGO
20,44.6,2026-04-06 01:15:00-05:00,CHICAGO
21,44.6,2026-04-06 01:20:00-05:00,CHICAGO
22,44.6,2026-04-06 01:25:00-05:00,CHICAGO
23,44.6,2026-04-06 01:30:00-05:00,CHICAGO
24,44.6,2026-04-06 01:35:00-05:00,CHICAGO
25,44.6,2026-04-06 01:40:00-05:00,CHICAGO
26,44.6,2026-04-06 01:45:00-05:00,CHICAGO
27,44.6,2026-04-06 01:50:00-05:00,CHICAGO
28,44.06,2026-04-06 01:53:00-05:00,CHICAGO
29,44.6,2026-04-06 01:55:00-05:00,CHICAGO
30,44.6,2026-04-06 02:00:00-05:00,CHICAGO
31,44.6,2026-04-06 02:05:00-05:00,CHICAGO
32,44.6,2026-04-06 02:10:00-05:00,CHICAGO
33,44.6,2026-04-06 02:15:00-05:00,CHICAGO
34,44.6,2026-04-06 02:20:00-05:00,CHICAGO
35,44.6,2026-04-06 02:25:00-05:00,CHICAGO
36,44.6,2026-04-06 02:30:00-05:00,CHICAGO
37,44.6,2026-04-06 02:35:00-05:00,CHICAGO
38,44.6,2026-04-06 02:40:00-05:00,CHICAGO
39,44.6,2026-04-06 02:45:00-05:00,CHICAGO
40,44.6,2026-04-06 02:50:00-05:00,CHICAGO
41,44.06,2026-04-06 02:53:00-05:00,CHICAGO
42,44.6,2026-04-06 02:55:00-05:00,CHICAGO
43,44.6,2026-04-06 03:00:00-05:00,CHICAGO
44,44.6,2026-04-06 03:05:00-05:00,CHICAGO
45,44.6,2026-04-06 03:10:00-05:00,CHICAGO
46,44.6,2026-04-06 03:15:00-05:00,CHICAGO
47,42.8,2026-04-06 03:20:00-05:00,CHICAGO
48,42.8,2026-04-06 03:25:00-05:00,CHICAGO
49,42.8,2026-04-06 03:30:00-05:00,CHICAGO
50,42.8,2026-04-06 03:35:00-05:00,CHICAGO
51,42.8,2026-04-06 03:40:00-05:00,CHICAGO
52,42.8,2026-04-06 03:45:00-05:00,CHICAGO
53,42.8,2026-04-06 03:50:00-05:00,CHICAGO
54,42.08,2026-04-06 03:53:00-05:00,CHICAGO
55,42.8,2026-04-06 03:55:00-05:00,CHICAGO
56,42.8,2026-04-06 04:00:00-05:00,CHICAGO
57,42.8,2026-04-06 04:05:00-05:00,CHICAGO
58,42.8,2026-04-06 04:10:00-05:00,CHICAGO
59,42.8,2026-04-06 04:15:00-05:00,CHICAGO
60,42.8,2026-04-06 04:20:00-05:00,CHICAGO
61,42.8,2026-04-06 04:25:00-05:00,CHICAGO
62,42.8,2026-04-06 04:30:00-05:00,CHICAGO
63,41.0,2026-04-06 04:35:00-05:00,CHICAGO
64,41.0,2026-04-06 04:40:00-05:00,CHICAGO
65,41.0,2026-04-06 04:45:00-05:00,CHICAGO
66,41.0,2026-04-06 04:50:00-05:00,CHICAGO
67,39.92,2026-04-06 04:53:00-05:00,CHICAGO
68,39.2,2026-04-06 04:55:00-05:00,CHICAGO
69,39.2,2026-04-06 05:00:00-05:00,CHICAGO
70,39.2,2026-04-06 05:05:00-05:00,CHICAGO
71,39.2,2026-04-06 05:10:00-05:00,CHICAGO
72,39.2,2026-04-06 05:15:00-05:00,CHICAGO
73,41.0,2026-04-06 05:20:00-05:00,CHICAGO
74,41.0,2026-04-06 05:25:00-05:00,CHICAGO
75,41.0,2026-04-06 05:30:00-05:00,CHICAGO
76,41.0,2026-04-06 05:35:00-05:00,CHICAGO
77,41.0,2026-04-06 05:40:00-05:00,CHICAGO
78,42.8,2026-04-06 05:45:00-05:00,CHICAGO
79,42.8,2026-04-06 05:50:00-05:00,CHICAGO
80,42.08,2026-04-06 05:53:00-05:00,CHICAGO
81,42.8,2026-04-06 05:55:00-05:00,CHICAGO
82,42.8,2026-04-06 06:00:00-05:00,CHICAGO
83,42.8,2026-04-06 06:05:00-05:00,CHICAGO
84,42.8,2026-04-06 06:10:00-05:00,CHICAGO
85,42.8,2026-04-06 06:15:00-05:00,CHICAGO
86,41.0,2026-04-06 06:20:00-05:00,CHICAGO
87,41.0,2026-04-06 06:25:00-05:00,CHICAGO
88,41.0,2026-04-06 06:30:00-05:00,CHICAGO
89,41.0,2026-04-06 06:35:00-05:00,CHICAGO
90,41.0,2026-04-06 06:40:00-05:00,CHICAGO
91,41.0,2026-04-06 06:45:00-05:00,CHICAGO
92,41.0,2026-04-06 06:50:00-05:00,CHICAGO
93,41.0,2026-04-06 06:53:00-05:00,CHICAGO
94,42.8,2026-04-06 06:55:00-05:00,CHICAGO
95,42.8,2026-04-06 07:00:00-05:00,CHICAGO
96,42.8,2026-04-06 07:05:00-05:00,CHICAGO
97,42.8,2026-04-06 07:10:00-05:00,CHICAGO
98,42.8,2026-04-06 07:15:00-05:00,CHICAGO
99,42.8,2026-04-06 07:20:00-05:00,CHICAGO
100,42.8,2026-04-06 07:25:00-05:00,CHICAGO
101,42.8,2026-04-06 07:30:00-05:00,CHICAGO
102,42.8,2026-04-06 07:35:00-05:00,CHICAGO
103,42.8,2026-04-06 07:40:00-05:00,CHICAGO
104,42.8,2026-04-06 07:45:00-05:00,CHICAGO
105,42.8,2026-04-06 07:50:00-05:00,CHICAGO
106,42.98,2026-04-06 07:53:00-05:00,CHICAGO
107,42.8,2026-04-06 07:55:00-05:00,CHICAGO
108,42.8,2026-04-06 08:00:00-05:00,CHICAGO
109,42.8,2026-04-06 08:05:00-05:00,CHICAGO
110,42.8,2026-04-06 08:10:00-05:00,CHICAGO
111,42.8,2026-04-06 08:15:00-05:00,CHICAGO
112,42.8,2026-04-06 08:20:00-05:00,CHICAGO
113,42.8,2026-04-06 08:25:00-05:00,CHICAGO
114,42.8,2026-04-06 08:30:00-05:00,CHICAGO
115,44.6,2026-04-06 08:35:00-05:00,CHICAGO
116,44.6,2026-04-06 08:40:00-05:00,CHICAGO
117,44.6,2026-04-06 08:45:00-05:00,CHICAGO
118,44.6,2026-04-06 08:50:00-05:00,CHICAGO
119,44.96,2026-04-06 08:53:00-05:00,CHICAGO
120,44.6,2026-04-06 08:55:00-05:00,CHICAGO
121,44.6,2026-04-06 09:00:00-05:00,CHICAGO
122,44.6,2026-04-06 09:05:00-05:00,CHICAGO
123,44.6,2026-04-06 09:10:00-05:00,CHICAGO
124,44.6,2026-04-06 09:15:00-05:00,CHICAGO
125,44.6,2026-04-06 09:20:00-05:00,CHICAGO
126,46.4,2026-04-06 09:25:00-05:00,CHICAGO
127,44.6,2026-04-06 09:30:00-05:00,CHICAGO
128,44.6,2026-04-06 09:35:00-05:00,CHICAGO
3,75.2,2026-04-06 00:00:00-04:00,MIAMI
4,75.2,2026-04-06 00:05:00-04:00,MIAMI
5,75.2,2026-04-06 00:10:00-04:00,MIAMI
6,75.2,2026-04-06 00:15:00-04:00,MIAMI
7,75.2,2026-04-06 00:20:00-04:00,MIAMI
8,75.2,2026-04-06 00:25:00-04:00,MIAMI
9,75.2,2026-04-06 00:30:00-04:00,MIAMI
10,75.2,2026-04-06 00:35:00-04:00,MIAMI
11,75.2,2026-04-06 00:40:00-04:00,MIAMI
12,75.2,2026-04-06 00:45:00-04:00,MIAMI
13,75.2,2026-04-06 00:50:00-04:00,MIAMI
14,75.02,2026-04-06 00:53:00-04:00,MIAMI
15,75.2,2026-04-06 00:55:00-04:00,MIAMI
16,75.2,2026-04-06 01:00:00-04:00,MIAMI
17,75.2,2026-04-06 01:05:00-04:00,MIAMI
18,75.2,2026-04-06 01:10:00-04:00,MIAMI
19,75.2,2026-04-06 01:15:00-04:00,MIAMI
20,75.2,2026-04-06 01:20:00-04:00,MIAMI
21,75.2,2026-04-06 01:25:00-04:00,MIAMI
22,75.2,2026-04-06 01:30:00-04:00,MIAMI
23,75.2,2026-04-06 01:35:00-04:00,MIAMI
24,75.2,2026-04-06 01:40:00-04:00,MIAMI
25,75.2,2026-04-06 01:45:00-04:00,MIAMI
26,75.2,2026-04-06 01:50:00-04:00,MIAMI
27,75.02,2026-04-06 01:53:00-04:00,MIAMI
28,75.2,2026-04-06 01:55:00-04:00,MIAMI
29,75.2,2026-04-06 02:00:00-04:00,MIAMI
30,75.2,2026-04-06 02:05:00-04:00,MIAMI
31,75.2,2026-04-06 02:10:00-04:00,MIAMI
32,75.2,2026-04-06 02:15:00-04:00,MIAMI
33,75.2,2026-04-06 02:20:00-04:00,MIAMI
34,75.2,2026-04-06 02:25:00-04:00,MIAMI
35,75.2,2026-04-06 02:30:00-04:00,MIAMI
36,75.2,2026-04-06 02:35:00-04:00,MIAMI
37,75.2,2026-04-06 02:40:00-04:00,MIAMI
38,75.2,2026-04-06 02:45:00-04:00,MIAMI
39,75.2,2026-04-06 02:50:00-04:00,MIAMI
40,75.02,2026-04-06 02:53:00-04:00,MIAMI
41,75.2,2026-04-06 02:55:00-04:00,MIAMI
42,75.2,2026-04-06 03:00:00-04:00,MIAMI
43,75.2,2026-04-06 03:05:00-04:00,MIAMI
44,75.2,2026-04-06 03:10:00-04:00,MIAMI
45,75.2,2026-04-06 03:15:00-04:00,MIAMI
46,75.2,2026-04-06 03:20:00-04:00,MIAMI
47,75.2,2026-04-06 03:25:00-04:00,MIAMI
48,75.2,2026-04-06 03:30:00-04:00,MIAMI
49,73.4,2026-04-06 03:35:00-04:00,MIAMI
50,73.4,2026-04-06 03:40:00-04:00,MIAMI
51,73.4,2026-04-06 03:45:00-04:00,MIAMI
52,73.4,2026-04-06 03:50:00-04:00,MIAMI
53,73.94,2026-04-06 03:53:00-04:00,MIAMI
54,73.4,2026-04-06 03:55:00-04:00,MIAMI
55,73.4,2026-04-06 04:00:00-04:00,MIAMI
56,73.4,2026-04-06 04:05:00-04:00,MIAMI
57,73.4,2026-04-06 04:10:00-04:00,MIAMI
58,75.2,2026-04-06 04:15:00-04:00,MIAMI
59,75.2,2026-04-06 04:20:00-04:00,MIAMI
60,73.4,2026-04-06 04:25:00-04:00,MIAMI
61,73.4,2026-04-06 04:30:00-04:00,MIAMI
62,73.4,2026-04-06 04:35:00-04:00,MIAMI
63,73.4,2026-04-06 04:40:00-04:00,MIAMI
64,73.4,2026-04-06 04:45:00-04:00,MIAMI
65,73.4,2026-04-06 04:50:00-04:00,MIAMI
66,73.94,2026-04-06 04:53:00-04:00,MIAMI
67,73.4,2026-04-06 04:55:00-04:00,MIAMI
68,73.4,2026-04-06 05:00:00-04:00,MIAMI
69,73.4,2026-04-06 05:05:00-04:00,MIAMI
70,73.4,2026-04-06 05:10:00-04:00,MIAMI
71,73.4,2026-04-06 05:15:00-04:00,MIAMI
72,73.4,2026-04-06 05:20:00-04:00,MIAMI
73,73.4,2026-04-06 05:25:00-04:00,MIAMI
74,73.4,2026-04-06 05:30:00-04:00,MIAMI
75,73.4,2026-04-06 05:35:00-04:00,MIAMI
76,73.4,2026-04-06 05:40:00-04:00,MIAMI
77,73.4,2026-04-06 05:45:00-04:00,MIAMI
78,73.4,2026-04-06 05:50:00-04:00,MIAMI
79,73.04,2026-04-06 05:53:00-04:00,MIAMI
80,73.4,2026-04-06 05:55:00-04:00,MIAMI
81,71.6,2026-04-06 06:00:00-04:00,MIAMI
82,73.4,2026-04-06 06:05:00-04:00,MIAMI
83,73.4,2026-04-06 06:10:00-04:00,MIAMI
84,73.4,2026-04-06 06:15:00-04:00,MIAMI
85,73.4,2026-04-06 06:20:00-04:00,MIAMI
86,73.4,2026-04-06 06:25:00-04:00,MIAMI
87,73.4,2026-04-06 06:30:00-04:00,MIAMI
88,73.4,2026-04-06 06:35:00-04:00,MIAMI
89,73.4,2026-04-06 06:40:00-04:00,MIAMI
90,73.4,2026-04-06 06:45:00-04:00,MIAMI
91,73.4,2026-04-06 06:50:00-04:00,MIAMI
92,73.04,2026-04-06 06:53:00-04:00,MIAMI
93,73.4,2026-04-06 06:55:00-04:00,MIAMI
94,73.4,2026-04-06 07:00:00-04:00,MIAMI
95,73.4,2026-04-06 07:05:00-04:00,MIAMI
96,73.4,2026-04-06 07:10:00-04:00,MIAMI
97,71.6,2026-04-06 07:15:00-04:00,MIAMI
98,71.6,2026-04-06 07:20:00-04:00,MIAMI
99,73.4,2026-04-06 07:25:00-04:00,MIAMI
100,73.4,2026-04-06 07:30:00-04:00,MIAMI
101,73.4,2026-04-06 07:35:00-04:00,MIAMI
102,73.4,2026-04-06 07:40:00-04:00,MIAMI
103,73.4,2026-04-06 07:45:00-04:00,MIAMI
104,73.4,2026-04-06 07:50:00-04:00,MIAMI
105,73.94,2026-04-06 07:53:00-04:00,MIAMI
106,73.4,2026-04-06 07:55:00-04:00,MIAMI
107,75.2,2026-04-06 08:00:00-04:00,MIAMI
108,75.2,2026-04-06 08:05:00-04:00,MIAMI
109,75.2,2026-04-06 08:10:00-04:00,MIAMI
110,75.2,2026-04-06 08:15:00-04:00,MIAMI
111,75.2,2026-04-06 08:20:00-04:00,MIAMI
112,75.2,2026-04-06 08:25:00-04:00,MIAMI
113,75.2,2026-04-06 08:30:00-04:00,MIAMI
114,77.0,2026-04-06 08:35:00-04:00,MIAMI
115,77.0,2026-04-06 08:40:00-04:00,MIAMI
116,77.0,2026-04-06 08:45:00-04:00,MIAMI
117,77.0,2026-04-06 08:50:00-04:00,MIAMI
118,77.0,2026-04-06 08:53:00-04:00,MIAMI
119,77.0,2026-04-06 08:55:00-04:00,MIAMI
120,77.0,2026-04-06 09:00:00-04:00,MIAMI
121,77.0,2026-04-06 09:05:00-04:00,MIAMI
122,77.0,2026-04-06 09:10:00-04:00,MIAMI
123,77.0,2026-04-06 09:15:00-04:00,MIAMI
124,78.8,2026-04-06 09:20:00-04:00,MIAMI
125,78.8,2026-04-06 09:25:00-04:00,MIAMI
126,78.8,2026-04-06 09:30:00-04:00,MIAMI
127,78.8,2026-04-06 09:35:00-04:00,MIAMI
128,78.8,2026-04-06 09:40:00-04:00,MIAMI
129,78.8,2026-04-06 09:45:00-04:00,MIAMI
130,78.8,2026-04-06 09:50:00-04:00,MIAMI
131,78.08,2026-04-06 09:53:00-04:00,MIAMI
132,78.8,2026-04-06 09:55:00-04:00,MIAMI
133,78.8,2026-04-06 10:00:00-04:00,MIAMI
134,78.8,2026-04-06 10:05:00-04:00,MIAMI
135,78.8,2026-04-06 10:10:00-04:00,MIAMI
136,80.6,2026-04-06 10:15:00-04:00,MIAMI
137,78.8,2026-04-06 10:20:00-04:00,MIAMI
138,78.8,2026-04-06 10:25:00-04:00,MIAMI
139,78.8,2026-04-06 10:30:00-04:00,MIAMI
140,78.8,2026-04-06 10:35:00-04:00,MIAMI
3,53.6,2026-04-06 00:00:00-05:00,AUSTIN
4,53.6,2026-04-06 00:05:00-05:00,AUSTIN
5,53.6,2026-04-06 00:10:00-05:00,AUSTIN
6,53.6,2026-04-06 00:15:00-05:00,AUSTIN
7,53.6,2026-04-06 00:20:00-05:00,AUSTIN
8,53.6,2026-04-06 00:25:00-05:00,AUSTIN
9,53.6,2026-04-06 00:30:00-05:00,AUSTIN
10,53.6,2026-04-06 00:35:00-05:00,AUSTIN
11,53.6,2026-04-06 00:40:00-05:00,AUSTIN
12,53.6,2026-04-06 00:45:00-05:00,AUSTIN
13,53.6,2026-04-06 00:50:00-05:00,AUSTIN
14,51.08,2026-04-06 00:53:00-05:00,AUSTIN
15,51.8,2026-04-06 00:55:00-05:00,AUSTIN
16,51.8,2026-04-06 01:00:00-05:00,AUSTIN
17,53.6,2026-04-06 01:05:00-05:00,AUSTIN
18,57.2,2026-04-06 01:10:00-05:00,AUSTIN
19,57.2,2026-04-06 01:15:00-05:00,AUSTIN
20,57.2,2026-04-06 01:20:00-05:00,AUSTIN
21,57.2,2026-04-06 01:25:00-05:00,AUSTIN
22,55.4,2026-04-06 01:30:00-05:00,AUSTIN
23,55.4,2026-04-06 01:35:00-05:00,AUSTIN
24,55.4,2026-04-06 01:40:00-05:00,AUSTIN
25,55.4,2026-04-06 01:45:00-05:00,AUSTIN
26,55.4,2026-04-06 01:50:00-05:00,AUSTIN
27,57.02,2026-04-06 01:53:00-05:00,AUSTIN
28,57.2,2026-04-06 01:55:00-05:00,AUSTIN
29,55.4,2026-04-06 02:00:00-05:00,AUSTIN
30,55.4,2026-04-06 02:05:00-05:00,AUSTIN
31,55.4,2026-04-06 02:10:00-05:00,AUSTIN
32,55.4,2026-04-06 02:15:00-05:00,AUSTIN
33,55.4,2026-04-06 02:20:00-05:00,AUSTIN
34,55.4,2026-04-06 02:25:00-05:00,AUSTIN
35,55.4,2026-04-06 02:30:00-05:00,AUSTIN
36,55.4,2026-04-06 02:35:00-05:00,AUSTIN
37,55.4,2026-04-06 02:40:00-05:00,AUSTIN
38,55.4,2026-04-06 02:45:00-05:00,AUSTIN
39,55.4,2026-04-06 02:50:00-05:00,AUSTIN
40,55.04,2026-04-06 02:53:00-05:00,AUSTIN
41,53.6,2026-04-06 02:55:00-05:00,AUSTIN
42,53.6,2026-04-06 03:00:00-05:00,AUSTIN
43,53.6,2026-04-06 03:05:00-05:00,AUSTIN
44,51.8,2026-04-06 03:10:00-05:00,AUSTIN
45,53.6,2026-04-06 03:15:00-05:00,AUSTIN
46,53.6,2026-04-06 03:20:00-05:00,AUSTIN
47,53.6,2026-04-06 03:25:00-05:00,AUSTIN
48,53.6,2026-04-06 03:30:00-05:00,AUSTIN
49,55.4,2026-04-06 03:35:00-05:00,AUSTIN
50,53.6,2026-04-06 03:40:00-05:00,AUSTIN
51,53.6,2026-04-06 03:45:00-05:00,AUSTIN
52,53.6,2026-04-06 03:50:00-05:00,AUSTIN
53,53.96,2026-04-06 03:53:00-05:00,AUSTIN
54,53.6,2026-04-06 03:55:00-05:00,AUSTIN
55,53.6,2026-04-06 04:00:00-05:00,AUSTIN
56,51.8,2026-04-06 04:05:00-05:00,AUSTIN
57,53.6,2026-04-06 04:10:00-05:00,AUSTIN
58,51.8,2026-04-06 04:15:00-05:00,AUSTIN
59,53.6,2026-04-06 04:20:00-05:00,AUSTIN
60,53.6,2026-04-06 04:25:00-05:00,AUSTIN
61,53.6,2026-04-06 04:30:00-05:00,AUSTIN
62,53.6,2026-04-06 04:35:00-05:00,AUSTIN
63,53.6,2026-04-06 04:40:00-05:00,AUSTIN
64,53.6,2026-04-06 04:45:00-05:00,AUSTIN
65,51.8,2026-04-06 04:50:00-05:00,AUSTIN
66,51.98,2026-04-06 04:53:00-05:00,AUSTIN
67,51.8,2026-04-06 04:55:00-05:00,AUSTIN
68,51.8,2026-04-06 05:00:00-05:00,AUSTIN
69,51.8,2026-04-06 05:05:00-05:00,AUSTIN
70,51.8,2026-04-06 05:10:00-05:00,AUSTIN
71,48.2,2026-04-06 05:15:00-05:00,AUSTIN
72,48.2,2026-04-06 05:20:00-05:00,AUSTIN
73,46.4,2026-04-06 05:25:00-05:00,AUSTIN
74,46.4,2026-04-06 05:30:00-05:00,AUSTIN
75,48.2,2026-04-06 05:35:00-05:00,AUSTIN
76,48.2,2026-04-06 05:40:00-05:00,AUSTIN
77,48.2,2026-04-06 05:45:00-05:00,AUSTIN
78,51.8,2026-04-06 05:50:00-05:00,AUSTIN
79,51.08,2026-04-06 05:53:00-05:00,AUSTIN
80,51.8,2026-04-06 05:55:00-05:00,AUSTIN
81,51.8,2026-04-06 06:00:00-05:00,AUSTIN
82,51.8,2026-04-06 06:05:00-05:00,AUSTIN
83,51.8,2026-04-06 06:10:00-05:00,AUSTIN
84,48.2,2026-04-06 06:15:00-05:00,AUSTIN
85,48.2,2026-04-06 06:20:00-05:00,AUSTIN
86,48.2,2026-04-06 06:25:00-05:00,AUSTIN
87,48.2,2026-04-06 06:30:00-05:00,AUSTIN
88,48.2,2026-04-06 06:35:00-05:00,AUSTIN
89,48.2,2026-04-06 06:40:00-05:00,AUSTIN
90,48.2,2026-04-06 06:45:00-05:00,AUSTIN
91,46.4,2026-04-06 06:50:00-05:00,AUSTIN
92,46.94,2026-04-06 06:53:00-05:00,AUSTIN
93,46.4,2026-04-06 06:55:00-05:00,AUSTIN
94,46.4,2026-04-06 07:00:00-05:00,AUSTIN
95,48.2,2026-04-06 07:05:00-05:00,AUSTIN
96,50.0,2026-04-06 07:10:00-05:00,AUSTIN
97,48.2,2026-04-06 07:15:00-05:00,AUSTIN
98,48.2,2026-04-06 07:20:00-05:00,AUSTIN
99,48.2,2026-04-06 07:25:00-05:00,AUSTIN
100,48.2,2026-04-06 07:30:00-05:00,AUSTIN
101,48.2,2026-04-06 07:35:00-05:00,AUSTIN
102,50.0,2026-04-06 07:40:00-05:00,AUSTIN
103,51.8,2026-04-06 07:45:00-05:00,AUSTIN
104,51.8,2026-04-06 07:50:00-05:00,AUSTIN
105,51.98,2026-04-06 07:53:00-05:00,AUSTIN
106,51.8,2026-04-06 07:55:00-05:00,AUSTIN
107,51.8,2026-04-06 08:00:00-05:00,AUSTIN
108,51.8,2026-04-06 08:05:00-05:00,AUSTIN
109,53.6,2026-04-06 08:10:00-05:00,AUSTIN
110,53.6,2026-04-06 08:15:00-05:00,AUSTIN
111,55.4,2026-04-06 08:20:00-05:00,AUSTIN
112,55.4,2026-04-06 08:25:00-05:00,AUSTIN
113,55.4,2026-04-06 08:30:00-05:00,AUSTIN
114,57.2,2026-04-06 08:35:00-05:00,AUSTIN
115,55.4,2026-04-06 08:40:00-05:00,AUSTIN
116,57.2,2026-04-06 08:45:00-05:00,AUSTIN
117,57.2,2026-04-06 08:50:00-05:00,AUSTIN
118,57.02,2026-04-06 08:53:00-05:00,AUSTIN
119,57.2,2026-04-06 08:55:00-05:00,AUSTIN
120,57.2,2026-04-06 09:00:00-05:00,AUSTIN
121,57.2,2026-04-06 09:05:00-05:00,AUSTIN
122,57.2,2026-04-06 09:10:00-05:00,AUSTIN
123,57.2,2026-04-06 09:15:00-05:00,AUSTIN
124,59.0,2026-04-06 09:20:00-05:00,AUSTIN
125,60.8,2026-04-06 09:25:00-05:00,AUSTIN
126,60.8,2026-04-06 09:30:00-05:00,AUSTIN
127,60.8,2026-04-06 09:35:00-05:00,AUSTIN
3,53.6,2026-04-06 00:00:00-04:00,PHILADELPHIA
4,53.6,2026-04-06 00:05:00-04:00,PHILADELPHIA
5,53.6,2026-04-06 00:10:00-04:00,PHILADELPHIA
6,51.8,2026-04-06 00:15:00-04:00,PHILADELPHIA
7,51.8,2026-04-06 00:20:00-04:00,PHILADELPHIA
8,51.8,2026-04-06 00:25:00-04:00,PHILADELPHIA
9,51.8,2026-04-06 00:30:00-04:00,PHILADELPHIA
10,51.8,2026-04-06 00:35:00-04:00,PHILADELPHIA
11,51.8,2026-04-06 00:40:00-04:00,PHILADELPHIA
12,51.8,2026-04-06 00:45:00-04:00,PHILADELPHIA
13,51.8,2026-04-06 00:50:00-04:00,PHILADELPHIA
14,51.98,2026-04-06 00:54:00-04:00,PHILADELPHIA
15,51.8,2026-04-06 00:55:00-04:00,PHILADELPHIA
16,51.8,2026-04-06 01:00:00-04:00,PHILADELPHIA
17,51.8,2026-04-06 01:05:00-04:00,PHILADELPHIA
18,51.8,2026-04-06 01:10:00-04:00,PHILADELPHIA
19,51.8,2026-04-06 01:15:00-04:00,PHILADELPHIA
20,51.8,2026-04-06 01:20:00-04:00,PHILADELPHIA
21,51.8,2026-04-06 01:25:00-04:00,PHILADELPHIA
22,51.8,2026-04-06 01:30:00-04:00,PHILADELPHIA
23,51.8,2026-04-06 01:35:00-04:00,PHILADELPHIA
24,51.8,2026-04-06 01:40:00-04:00,PHILADELPHIA
25,51.8,2026-04-06 01:45:00-04:00,PHILADELPHIA
26,51.8,2026-04-06 01:50:00-04:00,PHILADELPHIA
27,51.08,2026-04-06 01:54:00-04:00,PHILADELPHIA
28,51.8,2026-04-06 01:55:00-04:00,PHILADELPHIA
29,51.8,2026-04-06 02:00:00-04:00,PHILADELPHIA
30,51.8,2026-04-06 02:05:00-04:00,PHILADELPHIA
31,50.0,2026-04-06 02:10:00-04:00,PHILADELPHIA
32,50.0,2026-04-06 02:15:00-04:00,PHILADELPHIA
33,50.0,2026-04-06 02:20:00-04:00,PHILADELPHIA
34,50.0,2026-04-06 02:25:00-04:00,PHILADELPHIA
35,50.0,2026-04-06 02:30:00-04:00,PHILADELPHIA
36,50.0,2026-04-06 02:35:00-04:00,PHILADELPHIA
37,50.0,2026-04-06 02:40:00-04:00,PHILADELPHIA
38,50.0,2026-04-06 02:45:00-04:00,PHILADELPHIA
39,50.0,2026-04-06 02:50:00-04:00,PHILADELPHIA
40,50.0,2026-04-06 02:54:00-04:00,PHILADELPHIA
41,50.0,2026-04-06 02:55:00-04:00,PHILADELPHIA
42,50.0,2026-04-06 03:00:00-04:00,PHILADELPHIA
43,50.0,2026-04-06 03:05:00-04:00,PHILADELPHIA
44,50.0,2026-04-06 03:10:00-04:00,PHILADELPHIA
45,48.2,2026-04-06 03:15:00-04:00,PHILADELPHIA
46,50.0,2026-04-06 03:20:00-04:00,PHILADELPHIA
47,48.2,2026-04-06 03:25:00-04:00,PHILADELPHIA
48,48.2,2026-04-06 03:30:00-04:00,PHILADELPHIA
49,48.2,2026-04-06 03:35:00-04:00,PHILADELPHIA
50,48.2,2026-04-06 03:40:00-04:00,PHILADELPHIA
51,48.2,2026-04-06 03:45:00-04:00,PHILADELPHIA
52,48.2,2026-04-06 03:50:00-04:00,PHILADELPHIA
53,48.02,2026-04-06 03:54:00-04:00,PHILADELPHIA
54,48.2,2026-04-06 03:55:00-04:00,PHILADELPHIA
55,48.2,2026-04-06 04:00:00-04:00,PHILADELPHIA
56,46.4,2026-04-06 04:05:00-04:00,PHILADELPHIA
57,46.4,2026-04-06 04:10:00-04:00,PHILADELPHIA
58,46.4,2026-04-06 04:15:00-04:00,PHILADELPHIA
59,46.4,2026-04-06 04:20:00-04:00,PHILADELPHIA
60,46.4,2026-04-06 04:25:00-04:00,PHILADELPHIA
61,44.6,2026-04-06 04:30:00-04:00,PHILADELPHIA
62,44.6,2026-04-06 04:35:00-04:00,PHILADELPHIA
63,44.6,2026-04-06 04:40:00-04:00,PHILADELPHIA
64,44.6,2026-04-06 04:45:00-04:00,PHILADELPHIA
65,44.6,2026-04-06 04:50:00-04:00,PHILADELPHIA
66,44.96,2026-04-06 04:54:00-04:00,PHILADELPHIA
67,44.6,2026-04-06 04:55:00-04:00,PHILADELPHIA
68,44.6,2026-04-06 05:00:00-04:00,PHILADELPHIA
69,44.6,2026-04-06 05:05:00-04:00,PHILADELPHIA
70,44.6,2026-04-06 05:10:00-04:00,PHILADELPHIA
71,44.6,2026-04-06 05:15:00-04:00,PHILADELPHIA
72,44.6,2026-04-06 05:20:00-04:00,PHILADELPHIA
73,44.6,2026-04-06 05:25:00-04:00,PHILADELPHIA
74,44.6,2026-04-06 05:30:00-04:00,PHILADELPHIA
75,44.6,2026-04-06 05:35:00-04:00,PHILADELPHIA
76,44.6,2026-04-06 05:40:00-04:00,PHILADELPHIA
77,44.6,2026-04-06 05:45:00-04:00,PHILADELPHIA
78,44.6,2026-04-06 05:50:00-04:00,PHILADELPHIA
79,44.06,2026-04-06 05:54:00-04:00,PHILADELPHIA
80,44.6,2026-04-06 05:55:00-04:00,PHILADELPHIA
81,44.6,2026-04-06 06:00:00-04:00,PHILADELPHIA
82,44.6,2026-04-06 06:05:00-04:00,PHILADELPHIA
83,44.6,2026-04-06 06:10:00-04:00,PHILADELPHIA
84,44.6,2026-04-06 06:15:00-04:00,PHILADELPHIA
85,44.6,2026-04-06 06:20:00-04:00,PHILADELPHIA
86,44.6,2026-04-06 06:25:00-04:00,PHILADELPHIA
87,44.6,2026-04-06 06:30:00-04:00,PHILADELPHIA
88,44.6,2026-04-06 06:35:00-04:00,PHILADELPHIA
89,44.6,2026-04-06 06:40:00-04:00,PHILADELPHIA
90,44.6,2026-04-06 06:45:00-04:00,PHILADELPHIA
91,44.6,2026-04-06 06:50:00-04:00,PHILADELPHIA
92,44.06,2026-04-06 06:54:00-04:00,PHILADELPHIA
93,44.6,2026-04-06 06:55:00-04:00,PHILADELPHIA
94,44.6,2026-04-06 07:00:00-04:00,PHILADELPHIA
95,44.6,2026-04-06 07:05:00-04:00,PHILADELPHIA
96,44.6,2026-04-06 07:10:00-04:00,PHILADELPHIA
97,44.6,2026-04-06 07:15:00-04:00,PHILADELPHIA
98,44.6,2026-04-06 07:20:00-04:00,PHILADELPHIA
99,44.6,2026-04-06 07:25:00-04:00,PHILADELPHIA
100,44.6,2026-04-06 07:30:00-04:00,PHILADELPHIA
101,44.6,2026-04-06 07:35:00-04:00,PHILADELPHIA
102,44.6,2026-04-06 07:40:00-04:00,PHILADELPHIA
103,44.6,2026-04-06 07:45:00-04:00,PHILADELPHIA
104,44.6,2026-04-06 07:50:00-04:00,PHILADELPHIA
105,44.96,2026-04-06 07:54:00-04:00,PHILADELPHIA
106,44.6,2026-04-06 07:55:00-04:00,PHILADELPHIA
107,44.6,2026-04-06 08:00:00-04:00,PHILADELPHIA
108,44.6,2026-04-06 08:05:00-04:00,PHILADELPHIA
109,46.4,2026-04-06 08:10:00-04:00,PHILADELPHIA
110,46.4,2026-04-06 08:15:00-04:00,PHILADELPHIA
111,46.4,2026-04-06 08:20:00-04:00,PHILADELPHIA
112,46.4,2026-04-06 08:25:00-04:00,PHILADELPHIA
113,46.4,2026-04-06 08:30:00-04:00,PHILADELPHIA
114,46.4,2026-04-06 08:35:00-04:00,PHILADELPHIA
115,46.4,2026-04-06 08:40:00-04:00,PHILADELPHIA
116,46.4,2026-04-06 08:45:00-04:00,PHILADELPHIA
117,46.4,2026-04-06 08:50:00-04:00,PHILADELPHIA
118,46.94,2026-04-06 08:54:00-04:00,PHILADELPHIA
119,46.4,2026-04-06 08:55:00-04:00,PHILADELPHIA
120,46.4,2026-04-06 09:00:00-04:00,PHILADELPHIA
121,46.4,2026-04-06 09:05:00-04:00,PHILADELPHIA
122,46.4,2026-04-06 09:10:00-04:00,PHILADELPHIA
123,46.4,2026-04-06 09:15:00-04:00,PHILADELPHIA
124,48.2,2026-04-06 09:20:00-04:00,PHILADELPHIA
125,48.2,2026-04-06 09:25:00-04:00,PHILADELPHIA
126,48.2,2026-04-06 09:30:00-04:00,PHILADELPHIA
127,48.2,2026-04-06 09:35:00-04:00,PHILADELPHIA
128,48.2,2026-04-06 09:40:00-04:00,PHILADELPHIA
129,48.2,2026-04-06 09:45:00-04:00,PHILADELPHIA
130,48.2,2026-04-06 09:50:00-04:00,PHILADELPHIA
131,48.92,2026-04-06 09:54:00-04:00,PHILADELPHIA
132,48.2,2026-04-06 09:55:00-04:00,PHILADELPHIA
133,48.2,2026-04-06 10:00:00-04:00,PHILADELPHIA
134,50.0,2026-04-06 10:05:00-04:00,PHILADELPHIA
135,50.0,2026-04-06 10:10:00-04:00,PHILADELPHIA
136,48.2,2026-04-06 10:15:00-04:00,PHILADELPHIA
137,50.0,2026-04-06 10:20:00-04:00,PHILADELPHIA
138,50.0,2026-04-06 10:25:00-04:00,PHILADELPHIA
139,50.0,2026-04-06 10:30:00-04:00,PHILADELPHIA
140,50.0,2026-04-06 10:35:00-04:00,PHILADELPHIA
3,64.4,2026-04-06 00:00:00-07:00,LOS ANGELES
4,64.4,2026-04-06 00:05:00-07:00,LOS ANGELES
5,64.4,2026-04-06 00:10:00-07:00,LOS ANGELES
6,64.4,2026-04-06 00:15:00-07:00,LOS ANGELES
7,64.4,2026-04-06 00:20:00-07:00,LOS ANGELES
8,64.4,2026-04-06 00:25:00-07:00,LOS ANGELES
9,64.4,2026-04-06 00:30:00-07:00,LOS ANGELES
10,64.4,2026-04-06 00:35:00-07:00,LOS ANGELES
11,64.4,2026-04-06 00:40:00-07:00,LOS ANGELES
12,64.4,2026-04-06 00:45:00-07:00,LOS ANGELES
13,64.4,2026-04-06 00:50:00-07:00,LOS ANGELES
14,64.94,2026-04-06 00:53:00-07:00,LOS ANGELES
15,64.4,2026-04-06 00:55:00-07:00,LOS ANGELES
16,64.4,2026-04-06 01:00:00-07:00,LOS ANGELES
17,64.4,2026-04-06 01:05:00-07:00,LOS ANGELES
18,64.4,2026-04-06 01:10:00-07:00,LOS ANGELES
19,64.4,2026-04-06 01:15:00-07:00,LOS ANGELES
20,64.4,2026-04-06 01:20:00-07:00,LOS ANGELES
21,64.4,2026-04-06 01:25:00-07:00,LOS ANGELES
22,64.4,2026-04-06 01:30:00-07:00,LOS ANGELES
23,64.4,2026-04-06 01:35:00-07:00,LOS ANGELES
24,64.4,2026-04-06 01:40:00-07:00,LOS ANGELES
25,64.4,2026-04-06 01:45:00-07:00,LOS ANGELES
26,64.4,2026-04-06 01:50:00-07:00,LOS ANGELES
27,64.04,2026-04-06 01:53:00-07:00,LOS ANGELES
28,64.4,2026-04-06 01:55:00-07:00,LOS ANGELES
29,64.4,2026-04-06 02:00:00-07:00,LOS ANGELES
30,64.4,2026-04-06 02:05:00-07:00,LOS ANGELES
31,64.4,2026-04-06 02:10:00-07:00,LOS ANGELES
32,64.4,2026-04-06 02:15:00-07:00,LOS ANGELES
33,64.4,2026-04-06 02:20:00-07:00,LOS ANGELES
34,62.6,2026-04-06 02:25:00-07:00,LOS ANGELES
35,62.6,2026-04-06 02:30:00-07:00,LOS ANGELES
36,62.6,2026-04-06 02:35:00-07:00,LOS ANGELES
37,64.4,2026-04-06 02:40:00-07:00,LOS ANGELES
38,64.4,2026-04-06 02:45:00-07:00,LOS ANGELES
39,62.96,2026-04-06 02:47:00-07:00,LOS ANGELES
40,62.6,2026-04-06 02:50:00-07:00,LOS ANGELES
41,62.96,2026-04-06 02:53:00-07:00,LOS ANGELES
42,62.6,2026-04-06 02:55:00-07:00,LOS ANGELES
43,62.6,2026-04-06 03:00:00-07:00,LOS ANGELES
44,62.6,2026-04-06 03:05:00-07:00,LOS ANGELES
45,62.6,2026-04-06 03:10:00-07:00,LOS ANGELES
46,62.6,2026-04-06 03:15:00-07:00,LOS ANGELES
47,62.6,2026-04-06 03:20:00-07:00,LOS ANGELES
48,62.6,2026-04-06 03:25:00-07:00,LOS ANGELES
49,62.6,2026-04-06 03:30:00-07:00,LOS ANGELES
50,62.6,2026-04-06 03:35:00-07:00,LOS ANGELES
51,62.6,2026-04-06 03:40:00-07:00,LOS ANGELES
52,62.6,2026-04-06 03:45:00-07:00,LOS ANGELES
53,62.6,2026-04-06 03:50:00-07:00,LOS ANGELES
54,62.96,2026-04-06 03:53:00-07:00,LOS ANGELES
55,62.6,2026-04-06 03:55:00-07:00,LOS ANGELES
56,62.6,2026-04-06 04:00:00-07:00,LOS ANGELES
57,62.6,2026-04-06 04:05:00-07:00,LOS ANGELES
58,62.6,2026-04-06 04:10:00-07:00,LOS ANGELES
59,62.6,2026-04-06 04:15:00-07:00,LOS ANGELES
60,62.6,2026-04-06 04:20:00-07:00,LOS ANGELES
61,62.6,2026-04-06 04:25:00-07:00,LOS ANGELES
62,62.6,2026-04-06 04:30:00-07:00,LOS ANGELES
63,62.6,2026-04-06 04:35:00-07:00,LOS ANGELES
64,62.6,2026-04-06 04:40:00-07:00,LOS ANGELES
65,62.6,2026-04-06 04:45:00-07:00,LOS ANGELES
66,62.6,2026-04-06 04:50:00-07:00,LOS ANGELES
67,62.96,2026-04-06 04:53:00-07:00,LOS ANGELES
68,62.6,2026-04-06 04:55:00-07:00,LOS ANGELES
69,62.6,2026-04-06 05:00:00-07:00,LOS ANGELES
70,62.6,2026-04-06 05:05:00-07:00,LOS ANGELES
71,62.6,2026-04-06 05:10:00-07:00,LOS ANGELES
72,62.6,2026-04-06 05:15:00-07:00,LOS ANGELES
73,62.6,2026-04-06 05:20:00-07:00,LOS ANGELES
74,62.6,2026-04-06 05:25:00-07:00,LOS ANGELES
75,62.6,2026-04-06 05:30:00-07:00,LOS ANGELES
76,62.6,2026-04-06 05:35:00-07:00,LOS ANGELES
77,62.6,2026-04-06 05:40:00-07:00,LOS ANGELES
78,62.6,2026-04-06 05:45:00-07:00,LOS ANGELES
79,62.6,2026-04-06 05:50:00-07:00,LOS ANGELES
80,62.96,2026-04-06 05:53:00-07:00,LOS ANGELES
81,62.6,2026-04-06 05:55:00-07:00,LOS ANGELES
82,62.6,2026-04-06 06:00:00-07:00,LOS ANGELES
83,62.6,2026-04-06 06:05:00-07:00,LOS ANGELES
84,62.6,2026-04-06 06:10:00-07:00,LOS ANGELES
85,62.6,2026-04-06 06:15:00-07:00,LOS ANGELES
86,62.6,2026-04-06 06:20:00-07:00,LOS ANGELES
87,64.4,2026-04-06 06:25:00-07:00,LOS ANGELES
88,62.6,2026-04-06 06:30:00-07:00,LOS ANGELES
89,62.6,2026-04-06 06:35:00-07:00,LOS ANGELES
90,62.6,2026-04-06 06:40:00-07:00,LOS ANGELES
91,62.6,2026-04-06 06:45:00-07:00,LOS ANGELES
92,62.6,2026-04-06 06:50:00-07:00,LOS ANGELES
93,62.96,2026-04-06 06:53:00-07:00,LOS ANGELES
94,62.6,2026-04-06 06:55:00-07:00,LOS ANGELES
95,62.6,2026-04-06 07:00:00-07:00,LOS ANGELES
96,62.6,2026-04-06 07:05:00-07:00,LOS ANGELES
97,62.6,2026-04-06 07:10:00-07:00,LOS ANGELES
98,64.4,2026-04-06 07:15:00-07:00,LOS ANGELES
99,64.4,2026-04-06 07:20:00-07:00,LOS ANGELES
100,62.6,2026-04-06 07:25:00-07:00,LOS ANGELES
101,64.4,2026-04-06 07:30:00-07:00,LOS ANGELES
102,64.4,2026-04-06 07:35:00-07:00,LOS ANGELES
103,64.4,2026-04-06 07:40:00-07:00,LOS ANGELES
